"tenant_code","No","SortNo","Col","Name","Format","Digit","Visible","Nutrition","PName1","PName2","PName3","PTanni"
"{00000000-0001-7000-8000-000000000000}",1,1,"Code","食品番号",,0,"1","0","食品番号",,,
"{00000000-0001-7000-8000-000000000000}",2,2,"Name","材料名称",,0,"1","0","材料名称",,,
"{00000000-0001-7000-8000-000000000000}",5,5,"D_S","動植物区分",,0,"1","0","動植物区分",,,
"{00000000-0001-7000-8000-000000000000}",9,10,"Ene","ｴﾈﾙｷﾞｰ","0",0,"1","1","ｴﾈﾙｷﾞｰ",,,"(Kcal)"
"{00000000-0001-7000-8000-000000000000}",10,12,"Wat","水分","0.0",1,"1","1","水分",,,"(g)"
"{00000000-0001-7000-8000-000000000000}",11,14,"Pro","ﾀﾝﾊﾟｸ質","0.0",1,"1","1","ﾀﾝﾊﾟｸ質",,,"(g)"
"{00000000-0001-7000-8000-000000000000}",12,17,"Lip","脂質","0.0",1,"1","1","脂質",,,"(g)"
"{00000000-0001-7000-8000-000000000000}",13,34,"Car","炭水化物","0.0",1,"1","1","炭水化物",,,"(g)"
"{00000000-0001-7000-8000-000000000000}",14,36,"Ash","灰分","0.0",1,"0","1","灰分",,,"(g)"
"{00000000-0001-7000-8000-000000000000}",15,37,"Nat","ﾅﾄﾘｳﾑ","0",0,"0","1","ﾅﾄﾘｳﾑ",,,"(mg)"
"{00000000-0001-7000-8000-000000000000}",16,38,"Kal","ｶﾘｳﾑ","0",0,"1","1","ｶﾘｳﾑ",,,"(mg)"
"{00000000-0001-7000-8000-000000000000}",17,40,"Mag","ﾏｸﾞﾈｼｳﾑ","0",0,"1","1","ﾏｸﾞﾈｼｳﾑ",,,"(mg)"
"{00000000-0001-7000-8000-000000000000}",18,41,"Pho","ﾘﾝ","0",0,"1","1","ﾘﾝ",,,"(mg)"
"{00000000-0001-7000-8000-000000000000}",19,42,"Iro","鉄","0.0",1,"1","1","鉄",,,"(mg)"
"{00000000-0001-7000-8000-000000000000}",20,43,"Zin","亜鉛","0.0",1,"0","1","亜鉛",,,"(mg)"
"{00000000-0001-7000-8000-000000000000}",21,44,"Cop","銅","0.00",2,"0","1","銅",,,"(mg)"
"{00000000-0001-7000-8000-000000000000}",22,45,"Man","ﾏﾝｶﾞﾝ","0.00",2,"0","1","ﾏﾝｶﾞﾝ",,,"(mg)"
"{00000000-0001-7000-8000-000000000000}",23,50,"Ret","ﾚﾁﾉｰﾙ","0",0,"0","1","ﾚﾁﾉｰﾙ",,,"(μg)"
"{00000000-0001-7000-8000-000000000000}",24,51,"Caa","ｶﾛﾃﾝα","0",0,"0","1","ｶﾛﾃﾝ","α",,"(μg)"
"{00000000-0001-7000-8000-000000000000}",25,52,"Cab","ｶﾛﾃﾝβ","0",0,"0","1","ｶﾛﾃﾝ","β",,"(μg)"
"{00000000-0001-7000-8000-000000000000}",26,53,"Cry","β-ｸﾘﾌﾟﾄｷｻﾝﾁﾝ","0",0,"0","1","β-ｸﾘﾌﾟﾄ","ｷｻﾝﾁﾝ",,"(μg)"
"{00000000-0001-7000-8000-000000000000}",27,54,"Bca","β-ｶﾛﾃﾝ当量","0",0,"0","1","β-ｶﾛﾃﾝ","当量",,"(μg)"
"{00000000-0001-7000-8000-000000000000}",28,55,"Ere","ﾚﾁﾉｰﾙ活性当量","0",0,"1","1","ﾚﾁﾉｰﾙ","活性当量",,"(μg)"
"{00000000-0001-7000-8000-000000000000}",29,56,"ViD","ﾋﾞﾀﾐﾝD","0.0",1,"0","1","ﾋﾞﾀﾐﾝD",,,"(μg)"
"{00000000-0001-7000-8000-000000000000}",30,57,"ToA","ﾄｺﾌｪﾛｰﾙα","0.0",1,"0","1","ﾄｺﾌｪﾛｰﾙ","α",,"(mg)"
"{00000000-0001-7000-8000-000000000000}",31,58,"ToB","ﾄｺﾌｪﾛｰﾙβ","0.0",1,"0","1","ﾄｺﾌｪﾛｰﾙ","β",,"(mg)"
"{00000000-0001-7000-8000-000000000000}",32,59,"ToG","ﾄｺﾌｪﾛｰﾙγ","0.0",1,"0","1","ﾄｺﾌｪﾛｰﾙ","γ",,"(mg)"
"{00000000-0001-7000-8000-000000000000}",33,60,"ToD","ﾄｺﾌｪﾛｰﾙδ","0.0",1,"0","1","ﾄｺﾌｪﾛｰﾙ","δ",,"(mg)"
"{00000000-0001-7000-8000-000000000000}",34,61,"ViK","ﾋﾞﾀﾐﾝK","0",0,"0","1","ﾋﾞﾀﾐﾝK",,,"(μg)"
"{00000000-0001-7000-8000-000000000000}",35,62,"VB1","ﾋﾞﾀﾐﾝB1","0.00",2,"0","1","ﾋﾞﾀﾐﾝB1",,,"(mg)"
"{00000000-0001-7000-8000-000000000000}",36,63,"VB2","ﾋﾞﾀﾐﾝB2","0.00",2,"0","1","ﾋﾞﾀﾐﾝB2",,,"(mg)"
"{00000000-0001-7000-8000-000000000000}",37,64,"Nia","ﾅｲｱｼﾝ","0.0",1,"0","1","ﾅｲｱｼﾝ",,,"(mg)"
"{00000000-0001-7000-8000-000000000000}",38,66,"VB6","ﾋﾞﾀﾐﾝB6","0.00",2,"0","1","ﾋﾞﾀﾐﾝB6",,,"(mg)"
"{00000000-0001-7000-8000-000000000000}",39,67,"B12","ﾋﾞﾀﾐﾝB12","0.0",1,"0","1","ﾋﾞﾀﾐﾝB12",,,"(μg)"
"{00000000-0001-7000-8000-000000000000}",40,68,"Fol","葉酸","0",0,"1","1","葉酸",,,"(μg)"
"{00000000-0001-7000-8000-000000000000}",41,69,"Pan","ﾊﾟﾝﾄﾃﾝ酸","0.00",2,"0","1","ﾊﾟﾝﾄﾃﾝ酸",,,"(mg)"
"{00000000-0001-7000-8000-000000000000}",42,71,"ViC","ﾋﾞﾀﾐﾝC","0",0,"0","1","ﾋﾞﾀﾐﾝC",,,"(mg)"
"{00000000-0001-7000-8000-000000000000}",43,19,"Sat","飽和脂肪酸","0.00",2,"0","1","飽和","脂肪酸",,"(g)"
"{00000000-0001-7000-8000-000000000000}",44,20,"Mon","一価不飽和脂肪酸","0.00",2,"0","1","一価","不飽和","脂肪酸","(g)"
"{00000000-0001-7000-8000-000000000000}",45,21,"Pol","多価不飽和脂肪酸","0.00",2,"0","1","多価","不飽和","脂肪酸","(g)"
"{00000000-0001-7000-8000-000000000000}",48,16,"Cho","ｺﾚｽﾃﾛｰﾙ","0",0,"1","1","ｺﾚｽﾃﾛｰﾙ",,,"(mg)"
"{00000000-0001-7000-8000-000000000000}",51,32,"Tot","食物繊維総量","0.0",1,"1","1","食物繊維","総量",,"(g)"
"{00000000-0001-7000-8000-000000000000}",52,73,"Esa","食塩相当量","0.0",1,"1","1","食塩","相当量",,"(g)"
"{00000000-0001-7000-8000-000000000000}",53,74,"Ref","廃棄率","0",0,"1","0","廃棄率",,,"(%)"
"{00000000-0001-7000-8000-000000000000}",55,39,"Cal","ｶﾙｼｳﾑ","0",0,"1","1","ｶﾙｼｳﾑ",,,"(mg)"
"{00000000-0001-7000-8000-000000000000}",56,9,"syou_no","食品群",,0,"1","0","食品群",,,
"{00000000-0001-7000-8000-000000000000}",57,15,"Tri","ﾄﾘｱｼﾙｸﾞﾘｾﾛｰﾙ当量","0.0",1,"1","1","ﾄﾘｱｼﾙ","ｸﾞﾘｾﾛｰﾙ","当量","(g)"
"{00000000-0001-7000-8000-000000000000}",58,46,"Iod","ﾖｳ素","0",0,"0","1","ﾖｳ素",,,"(μg)"
"{00000000-0001-7000-8000-000000000000}",59,47,"Sel","ｾﾚﾝ","0",0,"0","1","ｾﾚﾝ",,,"(μg)"
"{00000000-0001-7000-8000-000000000000}",60,48,"Chr","ｸﾛﾑ","0",0,"0","1","ｸﾛﾑ",,,"(μg)"
"{00000000-0001-7000-8000-000000000000}",61,49,"Mol","ﾓﾘﾌﾞﾃﾞﾝ","0",0,"0","1","ﾓﾘﾌﾞﾃﾞﾝ",,,"(μg)"
"{00000000-0001-7000-8000-000000000000}",62,70,"Bio","ﾋﾞｵﾁﾝ","0.0",1,"0","1","ﾋﾞｵﾁﾝ",,,"(μg)"
"{00000000-0001-7000-8000-000000000000}",63,13,"Ami","ｱﾐﾉ酸組成によるﾀﾝﾊﾟｸ質","0.0",1,"1","1","ｱﾐﾉ酸組","成による","ﾀﾝﾊﾟｸ質","(g)"
"{00000000-0001-7000-8000-000000000000}",64,11,"Enj","ｴﾈﾙｷﾞｰ","0",0,"0","0","ｴﾈﾙｷﾞｰ",,,"(Kj)"
"{00000000-0001-7000-8000-000000000000}",65,27,"Vlm","単糖等量 利用可能炭水化物","0.0",1,"1","1","単糖等量","利用可能","炭水化物","(g)"
"{00000000-0001-7000-8000-000000000000}",66,72,"Alc","ｱﾙｺｰﾙ","0",0,"0","1","ｱﾙｺｰﾙ",,,"(g)"
"{00000000-0001-7000-8000-000000000000}",74,35,"Ora","有機酸","0.0",1,"0","1","有機酸",,,"(g)"
"{00000000-0001-7000-8000-000000000000}",75,75,"Wca","重量変化率","0",0,"1","0","重量変化","率",,"(%)"
"{00000000-0001-7000-8000-000000000000}",81,22,"Pn3","n-3系多価不飽和脂肪酸","0.00",2,"0","1","n3系多価","不飽和","脂肪酸","(g)"
"{00000000-0001-7000-8000-000000000000}",82,23,"Pn6","n-6系多価不飽和脂肪酸","0.00",2,"0","1","n6系多価","不飽和","脂肪酸","(g)"
"{00000000-0001-7000-8000-000000000000}",83,24,"Ara","ｱﾗｷﾄﾞﾝ酸","0.00",2,"0","1","ｱﾗｷﾄﾞﾝ","酸",,"(mg)"
"{00000000-0001-7000-8000-000000000000}",84,25,"Epa","ｲｺｻﾍﾟﾝﾀｴﾝ酸","0.00",2,"0","1","ｲｺｻﾍﾟﾝﾀ","ｴﾝ酸",,"(mg)"
"{00000000-0001-7000-8000-000000000000}",85,26,"Dha","ﾄﾞｺｻﾍｷｻｴﾝ酸","0.00",2,"0","1","ﾄﾞｺｻﾍｷｻ","ｴﾝ酸",,"(mg)"
"{00000000-0001-7000-8000-000000000000}",86,18,"Fac","脂肪酸総量","0.00",2,"0","1","脂肪酸","総量",,"(g)"
"{00000000-0001-7000-8000-000000000000}",87,28,"Cvl","質量計 利用可能炭水化物","0.0",1,"0","1","質量計","利用可能","炭水化物","(g)"
"{00000000-0001-7000-8000-000000000000}",88,29,"Vld","差引法による利用可能炭水化物","0.0",1,"0","1","差引き法","利用可能","炭水化物","(g)"
"{00000000-0001-7000-8000-000000000000}",89,33,"Ply","糖ｱﾙｺｰﾙ","0.0",1,"0","1","糖ｱﾙｺｰﾙ",,,"(g)"
"{00000000-0001-7000-8000-000000000000}",90,65,"Eni","ﾅｲｱｼﾝ等量","0.0",1,"1","1","ﾅｲｱｼﾝ","等量",,"(g)"
"{00000000-0001-7000-8000-000000000000}",91,30,"Sol","水溶性食物繊維","0.0",1,"0","0","水溶性","食物繊維",,"(g)"
"{00000000-0001-7000-8000-000000000000}",92,31,"Ins","不溶性食物繊維","0.0",1,"0","0","不溶性","食物繊維",,"(g)"
