"tenant_code","jun","dai_cd","dai_name","syou_cd","syou_name"
"{00000000-0001-7000-8000-000000000000}",1,1,"穀類",10,"米"
"{00000000-0001-7000-8000-000000000000}",2,1,"穀類",11,"小麦"
"{00000000-0001-7000-8000-000000000000}",3,1,"穀類",12,"大麦・雑穀・その他"
"{00000000-0001-7000-8000-000000000000}",4,2,"いも及びでん粉類",20,"さつまいも・じゃがいも"
"{00000000-0001-7000-8000-000000000000}",5,2,"いも及びでん粉類",21,"その他のいも類"
"{00000000-0001-7000-8000-000000000000}",6,2,"いも及びでん粉類",22,"でん粉・でん粉製品"
"{00000000-0001-7000-8000-000000000000}",7,3,"砂糖及び甘味類",30,"砂糖及び甘味類"
"{00000000-0001-7000-8000-000000000000}",8,4,"豆類",70,"大豆と大豆製品"
"{00000000-0001-7000-8000-000000000000}",9,4,"豆類",71,"その他の豆類"
"{00000000-0001-7000-8000-000000000000}",11,5,"種実類",60,"種実類"
"{00000000-0001-7000-8000-000000000000}",12,6,"野菜類",120,"緑黄色野菜"
"{00000000-0001-7000-8000-000000000000}",13,6,"野菜類",121,"その他の野菜"
"{00000000-0001-7000-8000-000000000000}",14,7,"果実類",130,"果実類"
"{00000000-0001-7000-8000-000000000000}",15,8,"きのこ類",140,"きのこ類"
"{00000000-0001-7000-8000-000000000000}",16,9,"藻類",150,"藻類"
"{00000000-0001-7000-8000-000000000000}",17,10,"魚介類",80,"魚介類(生)(干)"
"{00000000-0001-7000-8000-000000000000}",18,10,"魚介類",81,"水産練り製品"
"{00000000-0001-7000-8000-000000000000}",19,11,"肉類",90,"肉類"
"{00000000-0001-7000-8000-000000000000}",20,12,"卵類",100,"卵類"
"{00000000-0001-7000-8000-000000000000}",21,13,"乳類",110,"牛乳"
"{00000000-0001-7000-8000-000000000000}",22,13,"乳類",111,"乳製品"
"{00000000-0001-7000-8000-000000000000}",23,14,"油脂類",50,"油脂類"
"{00000000-0001-7000-8000-000000000000}",24,15,"菓子類",40,"菓子類"
"{00000000-0001-7000-8000-000000000000}",25,16,"し好飲料類",160,"し好飲料類"
"{00000000-0001-7000-8000-000000000000}",26,17,"調味料及び香辛料類",170,"調味料及び香辛料類"
"{00000000-0001-7000-8000-000000000000}",27,18,"調理加工食品類",180,"調理加工食品類"
"{00000000-0001-7000-8000-000000000000}",28,19,"その他",190,"その他"
